<annotation>
	<folder>abnormal</folder>
	<filename>abnormal0286.jpg</filename>
	<path>/home/nicholas/cervix/Data/abnormal/abnormal0286.jpg</path>
	<source>
		<database>Unknown</database>
	</source>
	<size>
		<width>640</width>
		<height>480</height>
		<depth>3</depth>
	</size>
	<segmented>0</segmented>
	<object>
		<name>cervix</name>
		<pose>Unspecified</pose>
		<truncated>0</truncated>
		<difficult>0</difficult>
		<bndbox>
			<xmin>154</xmin>
			<ymin>148</ymin>
			<xmax>390</xmax>
			<ymax>445</ymax>
		</bndbox>
	</object>
</annotation>
