<annotation>
	<folder>abnormal</folder>
	<filename>abnormal0213.jpg</filename>
	<path>/home/nicholas/cervix/Data/abnormal/abnormal0213.jpg</path>
	<source>
		<database>Unknown</database>
	</source>
	<size>
		<width>640</width>
		<height>480</height>
		<depth>3</depth>
	</size>
	<segmented>0</segmented>
	<object>
		<name>cervix</name>
		<pose>Unspecified</pose>
		<truncated>1</truncated>
		<difficult>0</difficult>
		<bndbox>
			<xmin>98</xmin>
			<ymin>1</ymin>
			<xmax>411</xmax>
			<ymax>475</ymax>
		</bndbox>
	</object>
</annotation>
