<annotation>
	<folder>abnormal</folder>
	<filename>abnormal0153.jpg</filename>
	<path>/home/nicholas/cervix/Data/abnormal/abnormal0153.jpg</path>
	<source>
		<database>Unknown</database>
	</source>
	<size>
		<width>640</width>
		<height>480</height>
		<depth>3</depth>
	</size>
	<segmented>0</segmented>
	<object>
		<name>cervix</name>
		<pose>Unspecified</pose>
		<truncated>0</truncated>
		<difficult>0</difficult>
		<bndbox>
			<xmin>110</xmin>
			<ymin>58</ymin>
			<xmax>476</xmax>
			<ymax>443</ymax>
		</bndbox>
	</object>
</annotation>
