<annotation>
	<folder>abnormal</folder>
	<filename>abnormal0178.jpg</filename>
	<path>/home/nicholas/cervix/Data/abnormal/abnormal0178.jpg</path>
	<source>
		<database>Unknown</database>
	</source>
	<size>
		<width>640</width>
		<height>480</height>
		<depth>3</depth>
	</size>
	<segmented>0</segmented>
	<object>
		<name>cervix</name>
		<pose>Unspecified</pose>
		<truncated>0</truncated>
		<difficult>0</difficult>
		<bndbox>
			<xmin>147</xmin>
			<ymin>21</ymin>
			<xmax>493</xmax>
			<ymax>421</ymax>
		</bndbox>
	</object>
</annotation>
