<annotation>
	<folder>NaShiNangZhong</folder>
	<filename>Nashi0156.jpg</filename>
	<path>/home/nicholas/cervix/original_data/batch1_train/NaShiNangZhong/Nashi0156.jpg</path>
	<source>
		<database>Unknown</database>
	</source>
	<size>
		<width>640</width>
		<height>480</height>
		<depth>3</depth>
	</size>
	<segmented>0</segmented>
	<object>
		<name>cervix</name>
		<pose>Unspecified</pose>
		<truncated>0</truncated>
		<difficult>0</difficult>
		<bndbox>
			<xmin>194</xmin>
			<ymin>41</ymin>
			<xmax>533</xmax>
			<ymax>401</ymax>
		</bndbox>
	</object>
</annotation>
