<annotation>
	<folder>normal</folder>
	<filename>normal0271.jpg</filename>
	<path>/home/nicholas/cervix/Data/normal/normal0271.jpg</path>
	<source>
		<database>Unknown</database>
	</source>
	<size>
		<width>640</width>
		<height>480</height>
		<depth>3</depth>
	</size>
	<segmented>0</segmented>
	<object>
		<name>cervix</name>
		<pose>Unspecified</pose>
		<truncated>0</truncated>
		<difficult>0</difficult>
		<bndbox>
			<xmin>118</xmin>
			<ymin>84</ymin>
			<xmax>460</xmax>
			<ymax>440</ymax>
		</bndbox>
	</object>
</annotation>
