<annotation>
	<folder>normal</folder>
	<filename>normal0456.jpg</filename>
	<path>/home/nicholas/cervix/Data/normal/normal0456.jpg</path>
	<source>
		<database>Unknown</database>
	</source>
	<size>
		<width>640</width>
		<height>480</height>
		<depth>3</depth>
	</size>
	<segmented>0</segmented>
	<object>
		<name>cervix</name>
		<pose>Unspecified</pose>
		<truncated>0</truncated>
		<difficult>1</difficult>
		<bndbox>
			<xmin>250</xmin>
			<ymin>80</ymin>
			<xmax>538</xmax>
			<ymax>345</ymax>
		</bndbox>
	</object>
</annotation>
