<annotation>
	<folder>normal</folder>
	<filename>normal0300.jpg</filename>
	<path>/home/nicholas/cervix/Data/normal/normal0300.jpg</path>
	<source>
		<database>Unknown</database>
	</source>
	<size>
		<width>640</width>
		<height>480</height>
		<depth>3</depth>
	</size>
	<segmented>0</segmented>
	<object>
		<name>cervix</name>
		<pose>Unspecified</pose>
		<truncated>0</truncated>
		<difficult>0</difficult>
		<bndbox>
			<xmin>267</xmin>
			<ymin>53</ymin>
			<xmax>489</xmax>
			<ymax>281</ymax>
		</bndbox>
	</object>
</annotation>
