<annotation>
	<folder>RuTouZengSheng</folder>
	<filename>rutou0202.jpg</filename>
	<path>/home/nicholas/cervix/original_data/batch1_train/RuTouZengSheng/rutou0202.jpg</path>
	<source>
		<database>Unknown</database>
	</source>
	<size>
		<width>640</width>
		<height>480</height>
		<depth>3</depth>
	</size>
	<segmented>0</segmented>
	<object>
		<name>cervix</name>
		<pose>Unspecified</pose>
		<truncated>1</truncated>
		<difficult>0</difficult>
		<bndbox>
			<xmin>236</xmin>
			<ymin>1</ymin>
			<xmax>619</xmax>
			<ymax>420</ymax>
		</bndbox>
	</object>
</annotation>
