<annotation>
	<folder>RuTouZengSheng</folder>
	<filename>rutou0091.jpg</filename>
	<path>/home/nicholas/cervix/original_data/batch1_train/RuTouZengSheng/rutou0091.jpg</path>
	<source>
		<database>Unknown</database>
	</source>
	<size>
		<width>640</width>
		<height>480</height>
		<depth>3</depth>
	</size>
	<segmented>0</segmented>
	<object>
		<name>cervix</name>
		<pose>Unspecified</pose>
		<truncated>1</truncated>
		<difficult>0</difficult>
		<bndbox>
			<xmin>103</xmin>
			<ymin>168</ymin>
			<xmax>468</xmax>
			<ymax>480</ymax>
		</bndbox>
	</object>
</annotation>
