<annotation>
	<folder>RuTouZengSheng</folder>
	<filename>rutou0077.jpg</filename>
	<path>/home/nicholas/cervix/original_data/batch1_train/RuTouZengSheng/rutou0077.jpg</path>
	<source>
		<database>Unknown</database>
	</source>
	<size>
		<width>640</width>
		<height>480</height>
		<depth>3</depth>
	</size>
	<segmented>0</segmented>
	<object>
		<name>cervix</name>
		<pose>Unspecified</pose>
		<truncated>0</truncated>
		<difficult>0</difficult>
		<bndbox>
			<xmin>257</xmin>
			<ymin>173</ymin>
			<xmax>552</xmax>
			<ymax>472</ymax>
		</bndbox>
	</object>
</annotation>
