<annotation>
	<folder>test</folder>
	<filename>tt0024.jpg</filename>
	<path>/home/nicholas/cervix/Data/test/tt0024.jpg</path>
	<source>
		<database>Unknown</database>
	</source>
	<size>
		<width>640</width>
		<height>480</height>
		<depth>3</depth>
	</size>
	<segmented>0</segmented>
	<object>
		<name>cervix</name>
		<pose>Unspecified</pose>
		<truncated>0</truncated>
		<difficult>0</difficult>
		<bndbox>
			<xmin>205</xmin>
			<ymin>13</ymin>
			<xmax>555</xmax>
			<ymax>439</ymax>
		</bndbox>
	</object>
</annotation>
