<annotation>
	<folder>test</folder>
	<filename>tt0287.jpg</filename>
	<path>/home/nicholas/cervix/Data/test/tt0287.jpg</path>
	<source>
		<database>Unknown</database>
	</source>
	<size>
		<width>640</width>
		<height>480</height>
		<depth>3</depth>
	</size>
	<segmented>0</segmented>
	<object>
		<name>cervix</name>
		<pose>Unspecified</pose>
		<truncated>0</truncated>
		<difficult>0</difficult>
		<bndbox>
			<xmin>131</xmin>
			<ymin>11</ymin>
			<xmax>506</xmax>
			<ymax>430</ymax>
		</bndbox>
	</object>
</annotation>
