<annotation>
	<folder>ZhengChangWeiYu</folder>
	<filename>weiyu0806.jpg</filename>
	<path>/home/nicholas/cervix/original_data/batch1_train/ZhengChangWeiYu/weiyu0806.jpg</path>
	<source>
		<database>Unknown</database>
	</source>
	<size>
		<width>640</width>
		<height>480</height>
		<depth>3</depth>
	</size>
	<segmented>0</segmented>
	<object>
		<name>cervix</name>
		<pose>Unspecified</pose>
		<truncated>0</truncated>
		<difficult>0</difficult>
		<bndbox>
			<xmin>227</xmin>
			<ymin>82</ymin>
			<xmax>522</xmax>
			<ymax>390</ymax>
		</bndbox>
	</object>
</annotation>
