<annotation>
	<folder>XiRou</folder>
	<filename>xirou0802.jpg</filename>
	<path>/home/nicholas/cervix/original_data/batch1_train/XiRou/xirou0802.jpg</path>
	<source>
		<database>Unknown</database>
	</source>
	<size>
		<width>640</width>
		<height>480</height>
		<depth>3</depth>
	</size>
	<segmented>0</segmented>
	<object>
		<name>cervix</name>
		<pose>Unspecified</pose>
		<truncated>0</truncated>
		<difficult>0</difficult>
		<bndbox>
			<xmin>264</xmin>
			<ymin>163</ymin>
			<xmax>535</xmax>
			<ymax>441</ymax>
		</bndbox>
	</object>
</annotation>
