<annotation>
	<folder>YinDaoYan</folder>
	<filename>yindaoyan0253.jpg</filename>
	<path>/home/nicholas/cervix/original_data/batch1_train/YinDaoYan/yindaoyan0253.jpg</path>
	<source>
		<database>Unknown</database>
	</source>
	<size>
		<width>640</width>
		<height>480</height>
		<depth>3</depth>
	</size>
	<segmented>0</segmented>
	<object>
		<name>cervix</name>
		<pose>Unspecified</pose>
		<truncated>0</truncated>
		<difficult>0</difficult>
		<bndbox>
			<xmin>307</xmin>
			<ymin>77</ymin>
			<xmax>581</xmax>
			<ymax>371</ymax>
		</bndbox>
	</object>
</annotation>
