<annotation>
	<folder>ZhengChangYiYu</folder>
	<filename>yiyu0094.jpg</filename>
	<path>/home/nicholas/cervix/original_data/batch1_train/ZhengChangYiYu/yiyu0094.jpg</path>
	<source>
		<database>Unknown</database>
	</source>
	<size>
		<width>640</width>
		<height>480</height>
		<depth>3</depth>
	</size>
	<segmented>0</segmented>
	<object>
		<name>cervix</name>
		<pose>Unspecified</pose>
		<truncated>0</truncated>
		<difficult>0</difficult>
		<bndbox>
			<xmin>225</xmin>
			<ymin>110</ymin>
			<xmax>460</xmax>
			<ymax>369</ymax>
		</bndbox>
	</object>
</annotation>
