<annotation>
	<folder>abnormal</folder>
	<filename>abnormal0157.jpg</filename>
	<path>/home/nicholas/cervix/Data/abnormal/abnormal0157.jpg</path>
	<source>
		<database>Unknown</database>
	</source>
	<size>
		<width>640</width>
		<height>480</height>
		<depth>3</depth>
	</size>
	<segmented>0</segmented>
	<object>
		<name>abnormal</name>
		<pose>Unspecified</pose>
		<truncated>1</truncated>
		<difficult>0</difficult>
		<bndbox>
			<xmin>214</xmin>
			<ymin>1</ymin>
			<xmax>534</xmax>
			<ymax>331</ymax>
		</bndbox>
	</object>
</annotation>
