<annotation>
	<folder>NaShiNangZhong</folder>
	<filename>Nashi0203.jpg</filename>
	<path>/home/nicholas/cervix/original_data/batch1_train/NaShiNangZhong/Nashi0203.jpg</path>
	<source>
		<database>Unknown</database>
	</source>
	<size>
		<width>640</width>
		<height>480</height>
		<depth>3</depth>
	</size>
	<segmented>0</segmented>
	<object>
		<name>abnormal</name>
		<pose>Unspecified</pose>
		<truncated>0</truncated>
		<difficult>0</difficult>
		<bndbox>
			<xmin>244</xmin>
			<ymin>55</ymin>
			<xmax>583</xmax>
			<ymax>463</ymax>
		</bndbox>
	</object>
</annotation>
