<annotation>
	<folder>NaShiNangZhong</folder>
	<filename>Nashi0025.jpg</filename>
	<path>/home/nicholas/cervix/original_data/batch1_train/NaShiNangZhong/Nashi0025.jpg</path>
	<source>
		<database>Unknown</database>
	</source>
	<size>
		<width>640</width>
		<height>480</height>
		<depth>3</depth>
	</size>
	<segmented>0</segmented>
	<object>
		<name>abnormal</name>
		<pose>Unspecified</pose>
		<truncated>1</truncated>
		<difficult>0</difficult>
		<bndbox>
			<xmin>123</xmin>
			<ymin>1</ymin>
			<xmax>503</xmax>
			<ymax>448</ymax>
		</bndbox>
	</object>
</annotation>
