<annotation>
	<folder>normal</folder>
	<filename>normal0665.jpg</filename>
	<path>/home/nicholas/cervix/Data/normal/normal0665.jpg</path>
	<source>
		<database>Unknown</database>
	</source>
	<size>
		<width>640</width>
		<height>480</height>
		<depth>3</depth>
	</size>
	<segmented>0</segmented>
	<object>
		<name>normal</name>
		<pose>Unspecified</pose>
		<truncated>0</truncated>
		<difficult>0</difficult>
		<bndbox>
			<xmin>421</xmin>
			<ymin>6</ymin>
			<xmax>637</xmax>
			<ymax>285</ymax>
		</bndbox>
	</object>
</annotation>
