<annotation>
	<folder>QingMi</folder>
	<filename>qingmi0087.jpg</filename>
	<path>/home/nicholas/cervix/original_data/batch1_train/QingMi/qingmi0087.jpg</path>
	<source>
		<database>Unknown</database>
	</source>
	<size>
		<width>640</width>
		<height>480</height>
		<depth>3</depth>
	</size>
	<segmented>0</segmented>
	<object>
		<name>abnormal</name>
		<pose>Unspecified</pose>
		<truncated>0</truncated>
		<difficult>0</difficult>
		<bndbox>
			<xmin>112</xmin>
			<ymin>110</ymin>
			<xmax>430</xmax>
			<ymax>448</ymax>
		</bndbox>
	</object>
</annotation>
