<annotation>
	<folder>RuTouZengSheng</folder>
	<filename>rutou0190.jpg</filename>
	<path>/home/nicholas/cervix/original_data/batch1_train/RuTouZengSheng/rutou0190.jpg</path>
	<source>
		<database>Unknown</database>
	</source>
	<size>
		<width>640</width>
		<height>480</height>
		<depth>3</depth>
	</size>
	<segmented>0</segmented>
	<object>
		<name>abnormal</name>
		<pose>Unspecified</pose>
		<truncated>1</truncated>
		<difficult>0</difficult>
		<bndbox>
			<xmin>108</xmin>
			<ymin>29</ymin>
			<xmax>477</xmax>
			<ymax>480</ymax>
		</bndbox>
	</object>
</annotation>
