<annotation>
	<folder>RuTouZengSheng</folder>
	<filename>rutou0118.jpg</filename>
	<path>/home/nicholas/cervix/original_data/batch1_train/RuTouZengSheng/rutou0118.jpg</path>
	<source>
		<database>Unknown</database>
	</source>
	<size>
		<width>640</width>
		<height>480</height>
		<depth>3</depth>
	</size>
	<segmented>0</segmented>
	<object>
		<name>abnormal</name>
		<pose>Unspecified</pose>
		<truncated>0</truncated>
		<difficult>0</difficult>
		<bndbox>
			<xmin>143</xmin>
			<ymin>9</ymin>
			<xmax>504</xmax>
			<ymax>410</ymax>
		</bndbox>
	</object>
</annotation>
