<annotation>
	<folder>test</folder>
	<filename>tt0375.jpg</filename>
	<path>/home/nicholas/cervix/Data/test/tt0375.jpg</path>
	<source>
		<database>Unknown</database>
	</source>
	<size>
		<width>640</width>
		<height>480</height>
		<depth>3</depth>
	</size>
	<segmented>0</segmented>
	<object>
		<name>normal</name>
		<pose>Unspecified</pose>
		<truncated>0</truncated>
		<difficult>0</difficult>
		<bndbox>
			<xmin>258</xmin>
			<ymin>50</ymin>
			<xmax>491</xmax>
			<ymax>380</ymax>
		</bndbox>
	</object>
</annotation>
