<annotation>
	<folder>test</folder>
	<filename>tt0531.jpg</filename>
	<path>/home/nicholas/cervix/Data/test/tt0531.jpg</path>
	<source>
		<database>Unknown</database>
	</source>
	<size>
		<width>640</width>
		<height>480</height>
		<depth>3</depth>
	</size>
	<segmented>0</segmented>
	<object>
		<name>abnormal</name>
		<pose>Unspecified</pose>
		<truncated>0</truncated>
		<difficult>0</difficult>
		<bndbox>
			<xmin>159</xmin>
			<ymin>29</ymin>
			<xmax>480</xmax>
			<ymax>442</ymax>
		</bndbox>
	</object>
</annotation>
