<annotation>
	<folder>XiRou</folder>
	<filename>xirou0068.jpg</filename>
	<path>/home/nicholas/cervix/original_data/batch1_train/XiRou/xirou0068.jpg</path>
	<source>
		<database>Unknown</database>
	</source>
	<size>
		<width>640</width>
		<height>480</height>
		<depth>3</depth>
	</size>
	<segmented>0</segmented>
	<object>
		<name>abnormal</name>
		<pose>Unspecified</pose>
		<truncated>0</truncated>
		<difficult>0</difficult>
		<bndbox>
			<xmin>293</xmin>
			<ymin>63</ymin>
			<xmax>633</xmax>
			<ymax>443</ymax>
		</bndbox>
	</object>
</annotation>
