<annotation>
	<folder>XiRou</folder>
	<filename>xirou0050.jpg</filename>
	<path>/home/nicholas/cervix/original_data/batch1_train/XiRou/xirou0050.jpg</path>
	<source>
		<database>Unknown</database>
	</source>
	<size>
		<width>640</width>
		<height>480</height>
		<depth>3</depth>
	</size>
	<segmented>0</segmented>
	<object>
		<name>abnormal</name>
		<pose>Unspecified</pose>
		<truncated>0</truncated>
		<difficult>0</difficult>
		<bndbox>
			<xmin>238</xmin>
			<ymin>105</ymin>
			<xmax>555</xmax>
			<ymax>452</ymax>
		</bndbox>
	</object>
</annotation>
