<annotation>
	<folder>YinDaoYan</folder>
	<filename>yindaoyan0206.jpg</filename>
	<path>/home/nicholas/cervix/original_data/batch1_train/YinDaoYan/yindaoyan0206.jpg</path>
	<source>
		<database>Unknown</database>
	</source>
	<size>
		<width>640</width>
		<height>480</height>
		<depth>3</depth>
	</size>
	<segmented>0</segmented>
	<object>
		<name>abnormal</name>
		<pose>Unspecified</pose>
		<truncated>0</truncated>
		<difficult>0</difficult>
		<bndbox>
			<xmin>90</xmin>
			<ymin>123</ymin>
			<xmax>395</xmax>
			<ymax>423</ymax>
		</bndbox>
	</object>
</annotation>
