<annotation>
	<folder>ZhengChangYiYu</folder>
	<filename>yiyu0054.jpg</filename>
	<path>/home/nicholas/cervix/original_data/batch1_train/ZhengChangYiYu/yiyu0054.jpg</path>
	<source>
		<database>Unknown</database>
	</source>
	<size>
		<width>640</width>
		<height>480</height>
		<depth>3</depth>
	</size>
	<segmented>0</segmented>
	<object>
		<name>normal</name>
		<pose>Unspecified</pose>
		<truncated>0</truncated>
		<difficult>0</difficult>
		<bndbox>
			<xmin>285</xmin>
			<ymin>64</ymin>
			<xmax>494</xmax>
			<ymax>424</ymax>
		</bndbox>
	</object>
</annotation>
